[
	{
		"title":"Main"
	},
	{
		"title":"AJAX Event Calendar",
		"url":"Index"
	},
	{
		"title":"CSS Themes"
	},
	{
		"title":"Transparent",
		"url":"ThemeTransparent"
	},
	{
		"title":"Green",
		"url":"ThemeGreen"
	},
	{
		"title":"White",
		"url":"ThemeWhite"
	},
	{
		"title":"Blue",
		"url":"ThemeBlue"
	},
	{
		"title":"Google-Like",
		"url":"ThemeGoogleLike"
	},
	{
		"title":"Traditional",
		"url":"ThemeTraditional"
	},
	{
		"title":"Views"
	},
	{
		"title":"Day",
		"url":"ViewDay"
	},
	{
		"title":"Work Week",
		"url":"ViewWorkWeek"
	},
	{
		"title":"Week",
		"url":"ViewWeek"
	},
	{
		"title":"Resources",
		"url":"ViewResources",
		"pro":true
	},
	{
		"title":"Days - Resources",
		"url":"ViewDaysResources",
		"pro":true
	},
	{
		"title":"API"
	},
	{
		"title":"jQuery",
		"url":"JQuery"
	},
	{
		"title":"Localization"
	},
	{
		"title":"24-Hour Clock",
		"url":"Hours24"
	},
	{
		"title":"RTL",
		"url":"Rtl",
		"pro":true
	},
	{
		"title":"Events"
	},
	{
		"title":"Event Creating",
		"url":"EventCreating"
	},
	{
		"title":"Event Customization",
		"url":"EventCustomization",
		"new": true
	},
	{
		"title":"Event Resizing",
		"url":"EventResizing"
	},
	{
		"title":"Event Moving",
		"url":"EventMoving"
	},	{
		"title":"All-Day Events",
		"url":"EventsAllDay",
		"pro":true
	},
	{
		"title":"Event Active Areas",
		"url":"EventActiveAreas",
		"pro":true
	},
	{
		"title":"Event Arrangement",
		"url":"EventArrangement",
		"pro":true
	},
	{
		"title":"Event Context Menu",
		"url":"EventContextMenu",
		"pro":true
	},
	{
		"title":"Event Selecting",
		"url":"EventSelecting",
		"pro":true
	},
	{
		"title":"External Drag&Drop",
		"url":"ExternalDragDrop",
		"pro":true
	},
	{
		"title":"Recurring Events",
		"url":"RecurringEvents",
		"pro":true
	},
	{
		"title":"Navigation"
	},
	{
		"title":"Next/Previous Buttons",
		"url":"NextPrevious"
	},
	{
		"title":"Grid"
	},
	{
		"title":"Cell Height",
		"url":"CellHeight"
	},
	{
		"title":"Crosshair",
		"url":"Crosshair",
		"pro":true
	},
	{
		"title":"Highlighting Today",
		"url":"Today",
		"pro":true
	},
	{
		"title":"Fixed Column Width",
		"url":"FixedColumnWidth",
		"pro":true
	},
	{
		"title":"AJAX"
	},
	{
		"title":"AutoRefresh",
		"url":"AutoRefresh",
		"pro":true
	},
	{
		"title":"Notify Event Model",
		"url":"Notify",
		"pro":true
	},
	{
		"title":"Columns"
	},
	{
		"title":"Header Height Auto-Fit",
		"url":"HeaderAutoFit",
		"pro":true
	},
	{
		"title":"Time Header"
	},
	{
		"title":"Time Header Cell Duration",
		"url":"TimeHeaderCellDuration",
		"pro":true
	},
	{
		"title":"Visible Day Range",
		"url":"DayRange",
		"pro":true
	},
	{
		"title":"Auto Hiding Non-Business Hours",
		"url":"AutoHide",
		"pro":true
	},
	{
		"title":"Controls"
	},
	{
		"title":"Message Bar",
		"url":"Message",
		"pro":true
	},
	{
		"title":"Appearance"
	},
	{
		"title":"100% Height",
		"url":"Height100Pct",
		"pro":true
	},
]